Reference area,REF_AREA,STRUCTURE_NAME,TIME_PERIOD,% spent on education
Switzerland,CHE,Expenditure on educational institutions as a percentage of GDP,2000,
Switzerland,CHE,Expenditure on educational institutions as a percentage of GDP,2005,
Switzerland,CHE,Expenditure on educational institutions as a percentage of GDP,2008,
Belgium,BEL,Expenditure on educational institutions as a percentage of GDP,2015,5.647653
Belgium,BEL,Expenditure on educational institutions as a percentage of GDP,2016,5.690906
Belgium,BEL,Expenditure on educational institutions as a percentage of GDP,2017,5.679932
France,FRA,Expenditure on educational institutions as a percentage of GDP,2008,5.178567
France,FRA,Expenditure on educational institutions as a percentage of GDP,2009,5.468454
Argentina,ARG,Expenditure on educational institutions as a percentage of GDP,2008,4.925323
Argentina,ARG,Expenditure on educational institutions as a percentage of GDP,2009,5.575072
Argentina,ARG,Expenditure on educational institutions as a percentage of GDP,2010,5.326808
Argentina,ARG,Expenditure on educational institutions as a percentage of GDP,2011,5.516528
Japan,JPN,Expenditure on educational institutions as a percentage of GDP,2010,4.318588
Japan,JPN,Expenditure on educational institutions as a percentage of GDP,2011,4.219763
Japan,JPN,Expenditure on educational institutions as a percentage of GDP,2020,4.0587382
Finland,FIN,Expenditure on educational institutions as a percentage of GDP,1995,5.785995
Finland,FIN,Expenditure on educational institutions as a percentage of GDP,2000,5.11374
Finland,FIN,Expenditure on educational institutions as a percentage of GDP,2005,5.345207
Belgium,BEL,Expenditure on educational institutions as a percentage of GDP,2012,5.784721
Belgium,BEL,Expenditure on educational institutions as a percentage of GDP,2013,5.837977
Belgium,BEL,Expenditure on educational institutions as a percentage of GDP,2014,5.769122
Finland,FIN,Expenditure on educational institutions as a percentage of GDP,2013,5.70701
Finland,FIN,Expenditure on educational institutions as a percentage of GDP,2014,5.679844
Finland,FIN,Expenditure on educational institutions as a percentage of GDP,2015,5.680052
Finland,FIN,Expenditure on educational institutions as a percentage of GDP,2016,5.512632
Finland,FIN,Expenditure on educational institutions as a percentage of GDP,2017,5.182091
Finland,FIN,Expenditure on educational institutions as a percentage of GDP,2018,5.145586
Finland,FIN,Expenditure on educational institutions as a percentage of GDP,2019,5.242933
Finland,FIN,Expenditure on educational institutions as a percentage of GDP,2020,5.4414549
Czechia,CZE,Expenditure on educational institutions as a percentage of GDP,1995,4.019825
Czechia,CZE,Expenditure on educational institutions as a percentage of GDP,2000,3.315013
Czechia,CZE,Expenditure on educational institutions as a percentage of GDP,2005,3.693321
Czechia,CZE,Expenditure on educational institutions as a percentage of GDP,2008,3.594013
Czechia,CZE,Expenditure on educational institutions as a percentage of GDP,2009,3.932655
Czechia,CZE,Expenditure on educational institutions as a percentage of GDP,2010,3.84564
Czechia,CZE,Expenditure on educational institutions as a percentage of GDP,2011,4.046715
Czechia,CZE,Expenditure on educational institutions as a percentage of GDP,2012,4.161878
Czechia,CZE,Expenditure on educational institutions as a percentage of GDP,2013,3.979249
Czechia,CZE,Expenditure on educational institutions as a percentage of GDP,2014,3.845031
Czechia,CZE,Expenditure on educational institutions as a percentage of GDP,2015,3.778251
Czechia,CZE,Expenditure on educational institutions as a percentage of GDP,2016,3.440815
Czechia,CZE,Expenditure on educational institutions as a percentage of GDP,2017,3.58535
Czechia,CZE,Expenditure on educational institutions as a percentage of GDP,2018,4.098183
Czechia,CZE,Expenditure on educational institutions as a percentage of GDP,2019,4.347249
Czechia,CZE,Expenditure on educational institutions as a percentage of GDP,2020,4.486846
Belgium,BEL,Expenditure on educational institutions as a percentage of GDP,2018,5.648727
Belgium,BEL,Expenditure on educational institutions as a percentage of GDP,2019,5.585681
Belgium,BEL,Expenditure on educational institutions as a percentage of GDP,2020,6.0481319
Argentina,ARG,Expenditure on educational institutions as a percentage of GDP,2000,4.233137
Denmark,DNK,Expenditure on educational institutions as a percentage of GDP,2013,6.285447
Denmark,DNK,Expenditure on educational institutions as a percentage of GDP,2014,6.488453
Denmark,DNK,Expenditure on educational institutions as a percentage of GDP,2016,6.045436
Denmark,DNK,Expenditure on educational institutions as a percentage of GDP,2017,5.755089
Denmark,DNK,Expenditure on educational institutions as a percentage of GDP,2018,5.774094
Denmark,DNK,Expenditure on educational institutions as a percentage of GDP,2019,5.794921
Denmark,DNK,Expenditure on educational institutions as a percentage of GDP,2020,5.8080292
Netherlands,NLD,Expenditure on educational institutions as a percentage of GDP,1995,4.612225
Netherlands,NLD,Expenditure on educational institutions as a percentage of GDP,2000,4.44086
Netherlands,NLD,Expenditure on educational institutions as a percentage of GDP,2005,4.98701
Netherlands,NLD,Expenditure on educational institutions as a percentage of GDP,2008,4.83927
Netherlands,NLD,Expenditure on educational institutions as a percentage of GDP,2009,5.344682
Netherlands,NLD,Expenditure on educational institutions as a percentage of GDP,2010,5.373567
Netherlands,NLD,Expenditure on educational institutions as a percentage of GDP,2011,5.319355
Netherlands,NLD,Expenditure on educational institutions as a percentage of GDP,2012,5.378428
Netherlands,NLD,Expenditure on educational institutions as a percentage of GDP,2013,5.441604
Netherlands,NLD,Expenditure on educational institutions as a percentage of GDP,2014,5.307566
Netherlands,NLD,Expenditure on educational institutions as a percentage of GDP,2015,5.307201
Netherlands,NLD,Expenditure on educational institutions as a percentage of GDP,2016,5.220699
Netherlands,NLD,Expenditure on educational institutions as a percentage of GDP,2017,5.166924
Netherlands,NLD,Expenditure on educational institutions as a percentage of GDP,2018,5.156971
Netherlands,NLD,Expenditure on educational institutions as a percentage of GDP,2019,5.102827
Netherlands,NLD,Expenditure on educational institutions as a percentage of GDP,2020,5.3626609
Türkiye,TUR,Expenditure on educational institutions as a percentage of GDP,2011,4.8734
Türkiye,TUR,Expenditure on educational institutions as a percentage of GDP,2012,5.183638
Türkiye,TUR,Expenditure on educational institutions as a percentage of GDP,2013,5.166589
Türkiye,TUR,Expenditure on educational institutions as a percentage of GDP,2014,5.262717
Türkiye,TUR,Expenditure on educational institutions as a percentage of GDP,2015,5.077522
Türkiye,TUR,Expenditure on educational institutions as a percentage of GDP,2016,5.402641
Türkiye,TUR,Expenditure on educational institutions as a percentage of GDP,2017,4.974149
Türkiye,TUR,Expenditure on educational institutions as a percentage of GDP,2018,5.069618
Türkiye,TUR,Expenditure on educational institutions as a percentage of GDP,2019,5.239873
Türkiye,TUR,Expenditure on educational institutions as a percentage of GDP,2020,4.7309942
Germany,DEU,Expenditure on educational institutions as a percentage of GDP,2005,4.331934
Germany,DEU,Expenditure on educational institutions as a percentage of GDP,2008,4.190094
Germany,DEU,Expenditure on educational institutions as a percentage of GDP,2010,4.549213
Germany,DEU,Expenditure on educational institutions as a percentage of GDP,2011,4.416789
Germany,DEU,Expenditure on educational institutions as a percentage of GDP,2012,4.376487
Germany,DEU,Expenditure on educational institutions as a percentage of GDP,2013,4.347379
Germany,DEU,Expenditure on educational institutions as a percentage of GDP,2014,4.303651
Germany,DEU,Expenditure on educational institutions as a percentage of GDP,2015,4.249793
Germany,DEU,Expenditure on educational institutions as a percentage of GDP,2016,4.205211
Germany,DEU,Expenditure on educational institutions as a percentage of GDP,2017,4.192521
Germany,DEU,Expenditure on educational institutions as a percentage of GDP,2018,4.238696
Germany,DEU,Expenditure on educational institutions as a percentage of GDP,2020,4.6002889
Colombia,COL,Expenditure on educational institutions as a percentage of GDP,2018,5.868555
Colombia,COL,Expenditure on educational institutions as a percentage of GDP,2019,5.742437
Colombia,COL,Expenditure on educational institutions as a percentage of GDP,2020,6.6430149
Croatia,HRV,Expenditure on educational institutions as a percentage of GDP,2012,3.88532
Croatia,HRV,Expenditure on educational institutions as a percentage of GDP,2013,3.711181
Croatia,HRV,Expenditure on educational institutions as a percentage of GDP,2014,3.752421
Croatia,HRV,Expenditure on educational institutions as a percentage of GDP,2016,3.793269
Croatia,HRV,Expenditure on educational institutions as a percentage of GDP,2017,3.803296
Finland,FIN,Expenditure on educational institutions as a percentage of GDP,2008,5.204236
Finland,FIN,Expenditure on educational institutions as a percentage of GDP,2009,5.710183
Finland,FIN,Expenditure on educational institutions as a percentage of GDP,2010,5.769977
Finland,FIN,Expenditure on educational institutions as a percentage of GDP,2011,5.738425
Finland,FIN,Expenditure on educational institutions as a percentage of GDP,2012,5.752868
Poland,POL,Expenditure on educational institutions as a percentage of GDP,2018,4.396901
Poland,POL,Expenditure on educational institutions as a percentage of GDP,2019,4.459254
Poland,POL,Expenditure on educational institutions as a percentage of GDP,2020,4.6395278
Iceland,ISL,Expenditure on educational institutions as a percentage of GDP,2000,5.627063
Iceland,ISL,Expenditure on educational institutions as a percentage of GDP,2005,6.370421
Iceland,ISL,Expenditure on educational institutions as a percentage of GDP,2008,5.879181
Iceland,ISL,Expenditure on educational institutions as a percentage of GDP,2009,5.949553
Iceland,ISL,Expenditure on educational institutions as a percentage of GDP,2010,5.627957
Iceland,ISL,Expenditure on educational institutions as a percentage of GDP,2011,5.623719
Iceland,ISL,Expenditure on educational institutions as a percentage of GDP,2012,5.743016
Iceland,ISL,Expenditure on educational institutions as a percentage of GDP,2013,5.612177
Iceland,ISL,Expenditure on educational institutions as a percentage of GDP,2014,5.727715
Iceland,ISL,Expenditure on educational institutions as a percentage of GDP,2015,5.630934
Iceland,ISL,Expenditure on educational institutions as a percentage of GDP,2016,5.529173
Iceland,ISL,Expenditure on educational institutions as a percentage of GDP,2017,5.742653
Iceland,ISL,Expenditure on educational institutions as a percentage of GDP,2018,5.739602
Iceland,ISL,Expenditure on educational institutions as a percentage of GDP,2020,6.3161092
European Union (25 countries),EU25,Expenditure on educational institutions as a percentage of GDP,2005,4.728715
European Union (25 countries),EU25,Expenditure on educational institutions as a percentage of GDP,2008,4.766361
European Union (25 countries),EU25,Expenditure on educational institutions as a percentage of GDP,2009,5.143327313
European Union (25 countries),EU25,Expenditure on educational institutions as a percentage of GDP,2010,5.060399722
European Union (25 countries),EU25,Expenditure on educational institutions as a percentage of GDP,2011,4.910598278
European Union (25 countries),EU25,Expenditure on educational institutions as a percentage of GDP,2012,4.48373775
European Union (25 countries),EU25,Expenditure on educational institutions as a percentage of GDP,2013,4.563364
European Union (25 countries),EU25,Expenditure on educational institutions as a percentage of GDP,2014,4.5050011
European Union (25 countries),EU25,Expenditure on educational institutions as a percentage of GDP,2015,4.3555088
European Union (25 countries),EU25,Expenditure on educational institutions as a percentage of GDP,2016,4.2880311
European Union (25 countries),EU25,Expenditure on educational institutions as a percentage of GDP,2017,4.2169762
European Union (25 countries),EU25,Expenditure on educational institutions as a percentage of GDP,2018,4.2653289
European Union (25 countries),EU25,Expenditure on educational institutions as a percentage of GDP,2019,4.3018942
European Union (25 countries),EU25,Expenditure on educational institutions as a percentage of GDP,2020,4.5614624
Sweden,SWE,Expenditure on educational institutions as a percentage of GDP,1995,5.323182
Sweden,SWE,Expenditure on educational institutions as a percentage of GDP,2000,5.478726
Sweden,SWE,Expenditure on educational institutions as a percentage of GDP,2005,5.496804
Sweden,SWE,Expenditure on educational institutions as a percentage of GDP,2008,5.290733
Sweden,SWE,Expenditure on educational institutions as a percentage of GDP,2009,5.572753
Sweden,SWE,Expenditure on educational institutions as a percentage of GDP,2010,5.361619
Sweden,SWE,Expenditure on educational institutions as a percentage of GDP,2011,5.23788
Sweden,SWE,Expenditure on educational institutions as a percentage of GDP,2012,5.309971
Sweden,SWE,Expenditure on educational institutions as a percentage of GDP,2013,5.323921
Sweden,SWE,Expenditure on educational institutions as a percentage of GDP,2014,5.296808
Sweden,SWE,Expenditure on educational institutions as a percentage of GDP,2015,5.190292
Sweden,SWE,Expenditure on educational institutions as a percentage of GDP,2016,5.374234
Sweden,SWE,Expenditure on educational institutions as a percentage of GDP,2017,5.431492
Sweden,SWE,Expenditure on educational institutions as a percentage of GDP,2018,5.541844
Sweden,SWE,Expenditure on educational institutions as a percentage of GDP,2019,5.498211
Sweden,SWE,Expenditure on educational institutions as a percentage of GDP,2020,5.6588292
Canada,CAN,Expenditure on educational institutions as a percentage of GDP,2000,5.902431
Canada,CAN,Expenditure on educational institutions as a percentage of GDP,2005,5.894902
Canada,CAN,Expenditure on educational institutions as a percentage of GDP,2008,6.035011
Canada,CAN,Expenditure on educational institutions as a percentage of GDP,2009,6.349797
Canada,CAN,Expenditure on educational institutions as a percentage of GDP,2010,6.709126
Canada,CAN,Expenditure on educational institutions as a percentage of GDP,2011,6.358944
Canada,CAN,Expenditure on educational institutions as a percentage of GDP,2012,5.90161
Canada,CAN,Expenditure on educational institutions as a percentage of GDP,2013,5.848073
Canada,CAN,Expenditure on educational institutions as a percentage of GDP,2014,5.763261
Canada,CAN,Expenditure on educational institutions as a percentage of GDP,2015,5.611085
Canada,CAN,Expenditure on educational institutions as a percentage of GDP,2016,5.934327
Canada,CAN,Expenditure on educational institutions as a percentage of GDP,2017,5.901431
Canada,CAN,Expenditure on educational institutions as a percentage of GDP,2018,5.862919
Canada,CAN,Expenditure on educational institutions as a percentage of GDP,2019,5.716787
Canada,CAN,Expenditure on educational institutions as a percentage of GDP,2020,5.99962
Chile,CHL,Expenditure on educational institutions as a percentage of GDP,1995,4.239735
Chile,CHL,Expenditure on educational institutions as a percentage of GDP,2000,6.178611
Chile,CHL,Expenditure on educational institutions as a percentage of GDP,2005,5.558745
Chile,CHL,Expenditure on educational institutions as a percentage of GDP,2008,5.495113
Chile,CHL,Expenditure on educational institutions as a percentage of GDP,2009,5.880249
Chile,CHL,Expenditure on educational institutions as a percentage of GDP,2010,5.714833
Chile,CHL,Expenditure on educational institutions as a percentage of GDP,2011,5.73677
Chile,CHL,Expenditure on educational institutions as a percentage of GDP,2012,6.187727
Chile,CHL,Expenditure on educational institutions as a percentage of GDP,2013,5.775715
Chile,CHL,Expenditure on educational institutions as a percentage of GDP,2014,5.465916
Chile,CHL,Expenditure on educational institutions as a percentage of GDP,2015,5.205803
Chile,CHL,Expenditure on educational institutions as a percentage of GDP,2020,6.438633
United States,USA,Expenditure on educational institutions as a percentage of GDP,2000,5.836428
United States,USA,Expenditure on educational institutions as a percentage of GDP,2005,6.215976
United States,USA,Expenditure on educational institutions as a percentage of GDP,2008,6.45349
United States,USA,Expenditure on educational institutions as a percentage of GDP,2009,6.59953
United States,USA,Expenditure on educational institutions as a percentage of GDP,2010,6.561537
United States,USA,Expenditure on educational institutions as a percentage of GDP,2011,6.484844
United States,USA,Expenditure on educational institutions as a percentage of GDP,2012,6.354916
United States,USA,Expenditure on educational institutions as a percentage of GDP,2013,6.109129
United States,USA,Expenditure on educational institutions as a percentage of GDP,2014,6.10601
United States,USA,Expenditure on educational institutions as a percentage of GDP,2015,6.054882
United States,USA,Expenditure on educational institutions as a percentage of GDP,2016,6.092881
United States,USA,Expenditure on educational institutions as a percentage of GDP,2017,6.143793
United States,USA,Expenditure on educational institutions as a percentage of GDP,2018,6.043471
United States,USA,Expenditure on educational institutions as a percentage of GDP,2019,6.001266
United States,USA,Expenditure on educational institutions as a percentage of GDP,2020,6.0909219
India,IND,Expenditure on educational institutions as a percentage of GDP,2000,4.246695
India,IND,Expenditure on educational institutions as a percentage of GDP,2005,3.822175
Portugal,PRT,Expenditure on educational institutions as a percentage of GDP,1995,4.300923
Portugal,PRT,Expenditure on educational institutions as a percentage of GDP,2000,4.6583
Portugal,PRT,Expenditure on educational institutions as a percentage of GDP,2005,4.842438
Portugal,PRT,Expenditure on educational institutions as a percentage of GDP,2008,4.556955
Portugal,PRT,Expenditure on educational institutions as a percentage of GDP,2009,5.133646
Portugal,PRT,Expenditure on educational institutions as a percentage of GDP,2010,5.137511
Portugal,PRT,Expenditure on educational institutions as a percentage of GDP,2011,4.892176
Portugal,PRT,Expenditure on educational institutions as a percentage of GDP,2016,5.038134
Portugal,PRT,Expenditure on educational institutions as a percentage of GDP,2017,5.165367
Portugal,PRT,Expenditure on educational institutions as a percentage of GDP,2018,4.960271
Portugal,PRT,Expenditure on educational institutions as a percentage of GDP,2019,4.837448
Portugal,PRT,Expenditure on educational institutions as a percentage of GDP,2020,5.1044049
Lithuania,LTU,Expenditure on educational institutions as a percentage of GDP,2010,4.990356
Lithuania,LTU,Expenditure on educational institutions as a percentage of GDP,2011,4.805597
Lithuania,LTU,Expenditure on educational institutions as a percentage of GDP,2012,4.519285
Lithuania,LTU,Expenditure on educational institutions as a percentage of GDP,2013,4.378048
Lithuania,LTU,Expenditure on educational institutions as a percentage of GDP,2014,4.238047
Lithuania,LTU,Expenditure on educational institutions as a percentage of GDP,2015,3.949108
Lithuania,LTU,Expenditure on educational institutions as a percentage of GDP,2016,3.614014
Lithuania,LTU,Expenditure on educational institutions as a percentage of GDP,2017,3.412879
Costa Rica,CRI,Expenditure on educational institutions as a percentage of GDP,2013,7.816369
Denmark,DNK,Expenditure on educational institutions as a percentage of GDP,1995,5.509017
Denmark,DNK,Expenditure on educational institutions as a percentage of GDP,2000,5.526292
Denmark,DNK,Expenditure on educational institutions as a percentage of GDP,2005,6.014377
Denmark,DNK,Expenditure on educational institutions as a percentage of GDP,2008,5.75591
Denmark,DNK,Expenditure on educational institutions as a percentage of GDP,2009,6.449479
Denmark,DNK,Expenditure on educational institutions as a percentage of GDP,2010,6.494217
Denmark,DNK,Expenditure on educational institutions as a percentage of GDP,2011,6.100455
United Kingdom,GBR,Expenditure on educational institutions as a percentage of GDP,2014,6.643432
United Kingdom,GBR,Expenditure on educational institutions as a percentage of GDP,2015,6.328501
United Kingdom,GBR,Expenditure on educational institutions as a percentage of GDP,2016,6.232353
United Kingdom,GBR,Expenditure on educational institutions as a percentage of GDP,2017,6.243533
United Kingdom,GBR,Expenditure on educational institutions as a percentage of GDP,2018,6.096055
United Kingdom,GBR,Expenditure on educational institutions as a percentage of GDP,2019,6.083517
United Kingdom,GBR,Expenditure on educational institutions as a percentage of GDP,2020,6.311326
Spain,ESP,Expenditure on educational institutions as a percentage of GDP,1995,4.708447
Spain,ESP,Expenditure on educational institutions as a percentage of GDP,2000,4.201569
Spain,ESP,Expenditure on educational institutions as a percentage of GDP,2005,3.937311
Spain,ESP,Expenditure on educational institutions as a percentage of GDP,2008,4.203078
Spain,ESP,Expenditure on educational institutions as a percentage of GDP,2009,4.542217
Spain,ESP,Expenditure on educational institutions as a percentage of GDP,2010,4.548646
Spain,ESP,Expenditure on educational institutions as a percentage of GDP,2011,4.478122
Spain,ESP,Expenditure on educational institutions as a percentage of GDP,2012,4.392659
Spain,ESP,Expenditure on educational institutions as a percentage of GDP,2013,4.359438
Spain,ESP,Expenditure on educational institutions as a percentage of GDP,2014,4.293882
Spain,ESP,Expenditure on educational institutions as a percentage of GDP,2015,4.361032
Spain,ESP,Expenditure on educational institutions as a percentage of GDP,2016,4.319095
Spain,ESP,Expenditure on educational institutions as a percentage of GDP,2017,4.283897
Spain,ESP,Expenditure on educational institutions as a percentage of GDP,2018,4.285648
Spain,ESP,Expenditure on educational institutions as a percentage of GDP,2019,4.331574
Spain,ESP,Expenditure on educational institutions as a percentage of GDP,2020,4.9691768
Mexico,MEX,Expenditure on educational institutions as a percentage of GDP,1995,4.038184
Mexico,MEX,Expenditure on educational institutions as a percentage of GDP,2000,3.996851
Mexico,MEX,Expenditure on educational institutions as a percentage of GDP,2005,4.971661
Mexico,MEX,Expenditure on educational institutions as a percentage of GDP,2008,4.821856
Mexico,MEX,Expenditure on educational institutions as a percentage of GDP,2009,5.295397
Mexico,MEX,Expenditure on educational institutions as a percentage of GDP,2010,5.243456
Mexico,MEX,Expenditure on educational institutions as a percentage of GDP,2017,4.390234
Mexico,MEX,Expenditure on educational institutions as a percentage of GDP,2018,4.642597
Mexico,MEX,Expenditure on educational institutions as a percentage of GDP,2019,4.620654
Mexico,MEX,Expenditure on educational institutions as a percentage of GDP,2020,4.483067
Norway,NOR,Expenditure on educational institutions as a percentage of GDP,2018,6.619117
Norway,NOR,Expenditure on educational institutions as a percentage of GDP,2019,6.562521
Norway,NOR,Expenditure on educational institutions as a percentage of GDP,2020,6.7789078
Greece,GRC,Expenditure on educational institutions as a percentage of GDP,1995,2.512602
Greece,GRC,Expenditure on educational institutions as a percentage of GDP,2000,3.302158
Greece,GRC,Expenditure on educational institutions as a percentage of GDP,2005,4.192245
Greece,GRC,Expenditure on educational institutions as a percentage of GDP,2012,3.822458
Greece,GRC,Expenditure on educational institutions as a percentage of GDP,2013,3.753635
Greece,GRC,Expenditure on educational institutions as a percentage of GDP,2014,3.753741
Greece,GRC,Expenditure on educational institutions as a percentage of GDP,2015,3.818189
Greece,GRC,Expenditure on educational institutions as a percentage of GDP,2017,3.535676
Greece,GRC,Expenditure on educational institutions as a percentage of GDP,2018,3.720683
Greece,GRC,Expenditure on educational institutions as a percentage of GDP,2019,3.718679
Korea,KOR,Expenditure on educational institutions as a percentage of GDP,2015,5.257537
Korea,KOR,Expenditure on educational institutions as a percentage of GDP,2016,5.086037
Korea,KOR,Expenditure on educational institutions as a percentage of GDP,2017,5.028796
Korea,KOR,Expenditure on educational institutions as a percentage of GDP,2018,5.096667
Korea,KOR,Expenditure on educational institutions as a percentage of GDP,2019,5.259854
Korea,KOR,Expenditure on educational institutions as a percentage of GDP,2020,5.0711451
Israel,ISR,Expenditure on educational institutions as a percentage of GDP,1995,6.160288
Israel,ISR,Expenditure on educational institutions as a percentage of GDP,2000,5.713255
Israel,ISR,Expenditure on educational institutions as a percentage of GDP,2005,5.166277
Israel,ISR,Expenditure on educational institutions as a percentage of GDP,2008,5.343975
Israel,ISR,Expenditure on educational institutions as a percentage of GDP,2009,5.175461
Israel,ISR,Expenditure on educational institutions as a percentage of GDP,2010,5.406414
Israel,ISR,Expenditure on educational institutions as a percentage of GDP,2011,5.705229
Israel,ISR,Expenditure on educational institutions as a percentage of GDP,2012,6.104669
Israel,ISR,Expenditure on educational institutions as a percentage of GDP,2013,6.060885
Israel,ISR,Expenditure on educational institutions as a percentage of GDP,2014,5.980706
Israel,ISR,Expenditure on educational institutions as a percentage of GDP,2015,5.853116
Israel,ISR,Expenditure on educational institutions as a percentage of GDP,2016,5.943537
Israel,ISR,Expenditure on educational institutions as a percentage of GDP,2017,6.004071
Israel,ISR,Expenditure on educational institutions as a percentage of GDP,2018,6.204876
Israel,ISR,Expenditure on educational institutions as a percentage of GDP,2019,6.16255
Israel,ISR,Expenditure on educational institutions as a percentage of GDP,2020,6.4153471
Switzerland,CHE,Expenditure on educational institutions as a percentage of GDP,2012,4.929837
Austria,AUT,Expenditure on educational institutions as a percentage of GDP,2012,4.869923
Austria,AUT,Expenditure on educational institutions as a percentage of GDP,2013,4.943199
Austria,AUT,Expenditure on educational institutions as a percentage of GDP,2014,4.83096
Austria,AUT,Expenditure on educational institutions as a percentage of GDP,2015,4.866635
Austria,AUT,Expenditure on educational institutions as a percentage of GDP,2016,4.874484
Austria,AUT,Expenditure on educational institutions as a percentage of GDP,2017,4.78451
Austria,AUT,Expenditure on educational institutions as a percentage of GDP,2018,4.69183
Austria,AUT,Expenditure on educational institutions as a percentage of GDP,2019,4.679342
Austria,AUT,Expenditure on educational institutions as a percentage of GDP,2020,4.9085889
Luxembourg,LUX,Expenditure on educational institutions as a percentage of GDP,2012,3.528081
Luxembourg,LUX,Expenditure on educational institutions as a percentage of GDP,2013,3.280641
Luxembourg,LUX,Expenditure on educational institutions as a percentage of GDP,2014,3.413268
Luxembourg,LUX,Expenditure on educational institutions as a percentage of GDP,2015,3.341386
Luxembourg,LUX,Expenditure on educational institutions as a percentage of GDP,2016,3.078204
Luxembourg,LUX,Expenditure on educational institutions as a percentage of GDP,2017,3.160819
Luxembourg,LUX,Expenditure on educational institutions as a percentage of GDP,2018,3.143867
Luxembourg,LUX,Expenditure on educational institutions as a percentage of GDP,2019,3.355452
Luxembourg,LUX,Expenditure on educational institutions as a percentage of GDP,2020,3.4450259
New Zealand,NZL,Expenditure on educational institutions as a percentage of GDP,2018,5.275975
New Zealand,NZL,Expenditure on educational institutions as a percentage of GDP,2019,5.300462
New Zealand,NZL,Expenditure on educational institutions as a percentage of GDP,2020,5.40065
New Zealand,NZL,Expenditure on educational institutions as a percentage of GDP,2021,5.640374
Slovenia,SVN,Expenditure on educational institutions as a percentage of GDP,2005,5.392788
Slovenia,SVN,Expenditure on educational institutions as a percentage of GDP,2008,4.728799
Slovenia,SVN,Expenditure on educational institutions as a percentage of GDP,2009,5.130227
Slovenia,SVN,Expenditure on educational institutions as a percentage of GDP,2010,5.069009
Slovenia,SVN,Expenditure on educational institutions as a percentage of GDP,2011,5.001461
Slovenia,SVN,Expenditure on educational institutions as a percentage of GDP,2012,4.888978
Slovenia,SVN,Expenditure on educational institutions as a percentage of GDP,2013,4.755867
Slovenia,SVN,Expenditure on educational institutions as a percentage of GDP,2014,4.586857
Slovenia,SVN,Expenditure on educational institutions as a percentage of GDP,2015,4.312279
Slovenia,SVN,Expenditure on educational institutions as a percentage of GDP,2016,4.253747
Slovenia,SVN,Expenditure on educational institutions as a percentage of GDP,2017,4.233174
Slovenia,SVN,Expenditure on educational institutions as a percentage of GDP,2018,4.205119
Slovenia,SVN,Expenditure on educational institutions as a percentage of GDP,2019,4.19323
Slovenia,SVN,Expenditure on educational institutions as a percentage of GDP,2020,4.6206551
Romania,ROU,Expenditure on educational institutions as a percentage of GDP,2012,2.32322
Romania,ROU,Expenditure on educational institutions as a percentage of GDP,2013,2.392479
Romania,ROU,Expenditure on educational institutions as a percentage of GDP,2014,2.475018
Romania,ROU,Expenditure on educational institutions as a percentage of GDP,2015,2.593995
Romania,ROU,Expenditure on educational institutions as a percentage of GDP,2016,2.29751
Romania,ROU,Expenditure on educational institutions as a percentage of GDP,2017,2.319226
Romania,ROU,Expenditure on educational institutions as a percentage of GDP,2018,2.409596
Romania,ROU,Expenditure on educational institutions as a percentage of GDP,2019,2.735894
Romania,ROU,Expenditure on educational institutions as a percentage of GDP,2020,2.725353
France,FRA,Expenditure on educational institutions as a percentage of GDP,2005,5.178154
Croatia,HRV,Expenditure on educational institutions as a percentage of GDP,2018,3.876173
Croatia,HRV,Expenditure on educational institutions as a percentage of GDP,2019,3.802269
Croatia,HRV,Expenditure on educational institutions as a percentage of GDP,2020,4.1919122
Poland,POL,Expenditure on educational institutions as a percentage of GDP,1995,4.267834
Poland,POL,Expenditure on educational institutions as a percentage of GDP,2000,4.336147
Poland,POL,Expenditure on educational institutions as a percentage of GDP,2005,5.279063
Poland,POL,Expenditure on educational institutions as a percentage of GDP,2008,5.055884
Poland,POL,Expenditure on educational institutions as a percentage of GDP,2009,5.064912
Poland,POL,Expenditure on educational institutions as a percentage of GDP,2010,5.101816
Poland,POL,Expenditure on educational institutions as a percentage of GDP,2011,4.688876
Poland,POL,Expenditure on educational institutions as a percentage of GDP,2012,4.800148
Poland,POL,Expenditure on educational institutions as a percentage of GDP,2015,4.607392
Poland,POL,Expenditure on educational institutions as a percentage of GDP,2016,4.381898
Poland,POL,Expenditure on educational institutions as a percentage of GDP,2017,4.310126
Norway,NOR,Expenditure on educational institutions as a percentage of GDP,1995,6.842446
Norway,NOR,Expenditure on educational institutions as a percentage of GDP,2000,6.591385
Norway,NOR,Expenditure on educational institutions as a percentage of GDP,2008,6.168434
Norway,NOR,Expenditure on educational institutions as a percentage of GDP,2009,6.655784
Norway,NOR,Expenditure on educational institutions as a percentage of GDP,2010,6.496565
Norway,NOR,Expenditure on educational institutions as a percentage of GDP,2011,6.351223
New Zealand,NZL,Expenditure on educational institutions as a percentage of GDP,2014,5.7564
New Zealand,NZL,Expenditure on educational institutions as a percentage of GDP,2015,5.775492
France,FRA,Expenditure on educational institutions as a percentage of GDP,2011,5.263641
France,FRA,Expenditure on educational institutions as a percentage of GDP,2012,5.228973
France,FRA,Expenditure on educational institutions as a percentage of GDP,2013,5.249682
France,FRA,Expenditure on educational institutions as a percentage of GDP,2014,5.255728
France,FRA,Expenditure on educational institutions as a percentage of GDP,2015,5.197982
France,FRA,Expenditure on educational institutions as a percentage of GDP,2016,5.163726
France,FRA,Expenditure on educational institutions as a percentage of GDP,2017,5.195138
France,FRA,Expenditure on educational institutions as a percentage of GDP,2018,5.173745
France,FRA,Expenditure on educational institutions as a percentage of GDP,2019,5.160875
France,FRA,Expenditure on educational institutions as a percentage of GDP,2020,5.4716158
Bulgaria,BGR,Expenditure on educational institutions as a percentage of GDP,2012,2.733593
Bulgaria,BGR,Expenditure on educational institutions as a percentage of GDP,2013,2.970052
Bulgaria,BGR,Expenditure on educational institutions as a percentage of GDP,2014,3.177936
Bulgaria,BGR,Expenditure on educational institutions as a percentage of GDP,2015,2.986832
Bulgaria,BGR,Expenditure on educational institutions as a percentage of GDP,2016,2.918627
Bulgaria,BGR,Expenditure on educational institutions as a percentage of GDP,2017,3.07421
Bulgaria,BGR,Expenditure on educational institutions as a percentage of GDP,2018,3.106455
Bulgaria,BGR,Expenditure on educational institutions as a percentage of GDP,2019,3.264863
Bulgaria,BGR,Expenditure on educational institutions as a percentage of GDP,2020,3.55039
Ireland,IRL,Expenditure on educational institutions as a percentage of GDP,2015,3.597825
Ireland,IRL,Expenditure on educational institutions as a percentage of GDP,2016,3.597589
Ireland,IRL,Expenditure on educational institutions as a percentage of GDP,2017,3.413389
Ireland,IRL,Expenditure on educational institutions as a percentage of GDP,2018,3.290518
Ireland,IRL,Expenditure on educational institutions as a percentage of GDP,2019,3.169438
Ireland,IRL,Expenditure on educational institutions as a percentage of GDP,2020,3.227155
Estonia,EST,Expenditure on educational institutions as a percentage of GDP,2005,4.550279
Estonia,EST,Expenditure on educational institutions as a percentage of GDP,2008,5.036225
Estonia,EST,Expenditure on educational institutions as a percentage of GDP,2009,5.214017
Estonia,EST,Expenditure on educational institutions as a percentage of GDP,2010,5.373553
Estonia,EST,Expenditure on educational institutions as a percentage of GDP,2011,4.943146
Estonia,EST,Expenditure on educational institutions as a percentage of GDP,2012,4.778817
Estonia,EST,Expenditure on educational institutions as a percentage of GDP,2013,5.200181
Estonia,EST,Expenditure on educational institutions as a percentage of GDP,2014,4.572599
Estonia,EST,Expenditure on educational institutions as a percentage of GDP,2015,4.668276
Estonia,EST,Expenditure on educational institutions as a percentage of GDP,2016,4.433796
Estonia,EST,Expenditure on educational institutions as a percentage of GDP,2017,4.368217
Estonia,EST,Expenditure on educational institutions as a percentage of GDP,2018,4.692348
Estonia,EST,Expenditure on educational institutions as a percentage of GDP,2019,4.663691
Estonia,EST,Expenditure on educational institutions as a percentage of GDP,2020,4.7856178
OECD,OECD,Expenditure on educational institutions as a percentage of GDP,2000,4.759291
OECD,OECD,Expenditure on educational institutions as a percentage of GDP,2005,5.008537
OECD,OECD,Expenditure on educational institutions as a percentage of GDP,2008,5.109666
OECD,OECD,Expenditure on educational institutions as a percentage of GDP,2009,5.487715
OECD,OECD,Expenditure on educational institutions as a percentage of GDP,2010,5.34982
OECD,OECD,Expenditure on educational institutions as a percentage of GDP,2011,5.218592
OECD,OECD,Expenditure on educational institutions as a percentage of GDP,2012,5.092951
OECD,OECD,Expenditure on educational institutions as a percentage of GDP,2013,5.206056
OECD,OECD,Expenditure on educational institutions as a percentage of GDP,2014,5.060053
OECD,OECD,Expenditure on educational institutions as a percentage of GDP,2015,4.9411
OECD,OECD,Expenditure on educational institutions as a percentage of GDP,2016,4.966791
OECD,OECD,Expenditure on educational institutions as a percentage of GDP,2017,4.860365
OECD,OECD,Expenditure on educational institutions as a percentage of GDP,2018,4.895148
OECD,OECD,Expenditure on educational institutions as a percentage of GDP,2019,4.910809
OECD,OECD,Expenditure on educational institutions as a percentage of GDP,2020,5.142028
Australia,AUS,Expenditure on educational institutions as a percentage of GDP,2018,5.922423
Australia,AUS,Expenditure on educational institutions as a percentage of GDP,2019,6.073002
Australia,AUS,Expenditure on educational institutions as a percentage of GDP,2020,6.2250519
Hungary,HUN,Expenditure on educational institutions as a percentage of GDP,1995,4.182416
Hungary,HUN,Expenditure on educational institutions as a percentage of GDP,2000,4.066458
Hungary,HUN,Expenditure on educational institutions as a percentage of GDP,2012,3.79605
Hungary,HUN,Expenditure on educational institutions as a percentage of GDP,2013,3.762523
Hungary,HUN,Expenditure on educational institutions as a percentage of GDP,2014,3.734705
Hungary,HUN,Expenditure on educational institutions as a percentage of GDP,2015,3.694775
Hungary,HUN,Expenditure on educational institutions as a percentage of GDP,2016,4.216697
Hungary,HUN,Expenditure on educational institutions as a percentage of GDP,2017,3.901117
Hungary,HUN,Expenditure on educational institutions as a percentage of GDP,2018,3.835103
Hungary,HUN,Expenditure on educational institutions as a percentage of GDP,2019,3.800243
Hungary,HUN,Expenditure on educational institutions as a percentage of GDP,2020,3.663662
Latvia,LVA,Expenditure on educational institutions as a percentage of GDP,1995,1.983933
Latvia,LVA,Expenditure on educational institutions as a percentage of GDP,2000,2.336757
Latvia,LVA,Expenditure on educational institutions as a percentage of GDP,2005,4.678238
Latvia,LVA,Expenditure on educational institutions as a percentage of GDP,2008,5.025323
Latvia,LVA,Expenditure on educational institutions as a percentage of GDP,2009,5.010019
Latvia,LVA,Expenditure on educational institutions as a percentage of GDP,2010,4.703799
Latvia,LVA,Expenditure on educational institutions as a percentage of GDP,2011,4.657596
Latvia,LVA,Expenditure on educational institutions as a percentage of GDP,2012,4.209529
Latvia,LVA,Expenditure on educational institutions as a percentage of GDP,2013,4.516569
Latvia,LVA,Expenditure on educational institutions as a percentage of GDP,2014,4.713886
Latvia,LVA,Expenditure on educational institutions as a percentage of GDP,2015,4.802145
Latvia,LVA,Expenditure on educational institutions as a percentage of GDP,2016,4.127967
Latvia,LVA,Expenditure on educational institutions as a percentage of GDP,2017,3.978308
Latvia,LVA,Expenditure on educational institutions as a percentage of GDP,2018,4.06206
Latvia,LVA,Expenditure on educational institutions as a percentage of GDP,2019,4.246483
Latvia,LVA,Expenditure on educational institutions as a percentage of GDP,2020,4.343967
Italy,ITA,Expenditure on educational institutions as a percentage of GDP,1995,4.068015
Italy,ITA,Expenditure on educational institutions as a percentage of GDP,2000,3.855684
Italy,ITA,Expenditure on educational institutions as a percentage of GDP,2005,3.842479
Italy,ITA,Expenditure on educational institutions as a percentage of GDP,2008,3.977042
Italy,ITA,Expenditure on educational institutions as a percentage of GDP,2009,4.060861
Italy,ITA,Expenditure on educational institutions as a percentage of GDP,2010,3.898553
Italy,ITA,Expenditure on educational institutions as a percentage of GDP,2011,3.764456
Italy,ITA,Expenditure on educational institutions as a percentage of GDP,2012,3.894326
Italy,ITA,Expenditure on educational institutions as a percentage of GDP,2013,3.982224
Italy,ITA,Expenditure on educational institutions as a percentage of GDP,2014,3.956398
Italy,ITA,Expenditure on educational institutions as a percentage of GDP,2015,3.92552
Italy,ITA,Expenditure on educational institutions as a percentage of GDP,2016,3.620417
Italy,ITA,Expenditure on educational institutions as a percentage of GDP,2017,3.851269
Italy,ITA,Expenditure on educational institutions as a percentage of GDP,2018,4.09681
Italy,ITA,Expenditure on educational institutions as a percentage of GDP,2019,3.84957
Italy,ITA,Expenditure on educational institutions as a percentage of GDP,2020,4.1856298
Lithuania,LTU,Expenditure on educational institutions as a percentage of GDP,2018,3.409033
Lithuania,LTU,Expenditure on educational institutions as a percentage of GDP,2019,3.466137
Lithuania,LTU,Expenditure on educational institutions as a percentage of GDP,2020,3.897131
Slovak Republic,SVK,Expenditure on educational institutions as a percentage of GDP,1995,3.719838
Slovak Republic,SVK,Expenditure on educational institutions as a percentage of GDP,2000,3.402998
Slovak Republic,SVK,Expenditure on educational institutions as a percentage of GDP,2005,3.697895
Slovak Republic,SVK,Expenditure on educational institutions as a percentage of GDP,2008,3.417772
Slovak Republic,SVK,Expenditure on educational institutions as a percentage of GDP,2009,3.94093
Slovak Republic,SVK,Expenditure on educational institutions as a percentage of GDP,2010,3.835566
Slovak Republic,SVK,Expenditure on educational institutions as a percentage of GDP,2011,3.629349
Slovak Republic,SVK,Expenditure on educational institutions as a percentage of GDP,2012,3.639851
Slovak Republic,SVK,Expenditure on educational institutions as a percentage of GDP,2013,3.776534
Slovak Republic,SVK,Expenditure on educational institutions as a percentage of GDP,2014,3.839083
Slovak Republic,SVK,Expenditure on educational institutions as a percentage of GDP,2015,4.369291
Slovak Republic,SVK,Expenditure on educational institutions as a percentage of GDP,2016,3.693645
Slovak Republic,SVK,Expenditure on educational institutions as a percentage of GDP,2017,3.640382
Slovak Republic,SVK,Expenditure on educational institutions as a percentage of GDP,2018,3.672961
Slovak Republic,SVK,Expenditure on educational institutions as a percentage of GDP,2019,3.904193
Slovak Republic,SVK,Expenditure on educational institutions as a percentage of GDP,2020,4.3390441
United Kingdom,GBR,Expenditure on educational institutions as a percentage of GDP,2012,6.168119
United Kingdom,GBR,Expenditure on educational institutions as a percentage of GDP,2013,6.627339
Canada,CAN,Expenditure on educational institutions as a percentage of GDP,1995,
United States,USA,Expenditure on educational institutions as a percentage of GDP,1995,
Costa Rica,CRI,Expenditure on educational institutions as a percentage of GDP,2010,
Costa Rica,CRI,Expenditure on educational institutions as a percentage of GDP,2011,
Costa Rica,CRI,Expenditure on educational institutions as a percentage of GDP,2012,
Costa Rica,CRI,Expenditure on educational institutions as a percentage of GDP,2014,
Costa Rica,CRI,Expenditure on educational institutions as a percentage of GDP,2015,
Costa Rica,CRI,Expenditure on educational institutions as a percentage of GDP,2016,
Costa Rica,CRI,Expenditure on educational institutions as a percentage of GDP,2017,
Costa Rica,CRI,Expenditure on educational institutions as a percentage of GDP,2018,
Costa Rica,CRI,Expenditure on educational institutions as a percentage of GDP,2019,
Costa Rica,CRI,Expenditure on educational institutions as a percentage of GDP,2020,
Costa Rica,CRI,Expenditure on educational institutions as a percentage of GDP,2021,
Denmark,DNK,Expenditure on educational institutions as a percentage of GDP,2012,
Denmark,DNK,Expenditure on educational institutions as a percentage of GDP,2015,
Türkiye,TUR,Expenditure on educational institutions as a percentage of GDP,1995,
Türkiye,TUR,Expenditure on educational institutions as a percentage of GDP,2000,
Türkiye,TUR,Expenditure on educational institutions as a percentage of GDP,2005,
Türkiye,TUR,Expenditure on educational institutions as a percentage of GDP,2008,
Türkiye,TUR,Expenditure on educational institutions as a percentage of GDP,2009,
Türkiye,TUR,Expenditure on educational institutions as a percentage of GDP,2010,
Germany,DEU,Expenditure on educational institutions as a percentage of GDP,1995,
Germany,DEU,Expenditure on educational institutions as a percentage of GDP,2000,
Germany,DEU,Expenditure on educational institutions as a percentage of GDP,2009,
Colombia,COL,Expenditure on educational institutions as a percentage of GDP,1995,
Colombia,COL,Expenditure on educational institutions as a percentage of GDP,2000,
Colombia,COL,Expenditure on educational institutions as a percentage of GDP,2005,
Colombia,COL,Expenditure on educational institutions as a percentage of GDP,2008,
Colombia,COL,Expenditure on educational institutions as a percentage of GDP,2010,
Croatia,HRV,Expenditure on educational institutions as a percentage of GDP,1995,
Croatia,HRV,Expenditure on educational institutions as a percentage of GDP,2000,
Croatia,HRV,Expenditure on educational institutions as a percentage of GDP,2005,
Croatia,HRV,Expenditure on educational institutions as a percentage of GDP,2008,
Croatia,HRV,Expenditure on educational institutions as a percentage of GDP,2009,
Croatia,HRV,Expenditure on educational institutions as a percentage of GDP,2010,
Croatia,HRV,Expenditure on educational institutions as a percentage of GDP,2011,
Argentina,ARG,Expenditure on educational institutions as a percentage of GDP,2014,
Argentina,ARG,Expenditure on educational institutions as a percentage of GDP,2015,
Argentina,ARG,Expenditure on educational institutions as a percentage of GDP,2016,
Argentina,ARG,Expenditure on educational institutions as a percentage of GDP,2018,
Argentina,ARG,Expenditure on educational institutions as a percentage of GDP,2019,
Argentina,ARG,Expenditure on educational institutions as a percentage of GDP,2020,
Japan,JPN,Expenditure on educational institutions as a percentage of GDP,1995,
Japan,JPN,Expenditure on educational institutions as a percentage of GDP,2000,
Japan,JPN,Expenditure on educational institutions as a percentage of GDP,2008,
Japan,JPN,Expenditure on educational institutions as a percentage of GDP,2009,
Costa Rica,CRI,Expenditure on educational institutions as a percentage of GDP,1995,
Costa Rica,CRI,Expenditure on educational institutions as a percentage of GDP,2000,
Costa Rica,CRI,Expenditure on educational institutions as a percentage of GDP,2005,
Costa Rica,CRI,Expenditure on educational institutions as a percentage of GDP,2008,
Costa Rica,CRI,Expenditure on educational institutions as a percentage of GDP,2009,
Belgium,BEL,Expenditure on educational institutions as a percentage of GDP,1995,
Belgium,BEL,Expenditure on educational institutions as a percentage of GDP,2000,
Argentina,ARG,Expenditure on educational institutions as a percentage of GDP,1995,
Argentina,ARG,Expenditure on educational institutions as a percentage of GDP,2005,
Argentina,ARG,Expenditure on educational institutions as a percentage of GDP,2012,
Argentina,ARG,Expenditure on educational institutions as a percentage of GDP,2013,
Estonia,EST,Expenditure on educational institutions as a percentage of GDP,1995,
Estonia,EST,Expenditure on educational institutions as a percentage of GDP,2000,
OECD,OECD,Expenditure on educational institutions as a percentage of GDP,1995,
Poland,POL,Expenditure on educational institutions as a percentage of GDP,2013,4.827161
Poland,POL,Expenditure on educational institutions as a percentage of GDP,2014,4.74991
Iceland,ISL,Expenditure on educational institutions as a percentage of GDP,2019,5.748931
Chile,CHL,Expenditure on educational institutions as a percentage of GDP,2016,6.327083
Chile,CHL,Expenditure on educational institutions as a percentage of GDP,2017,6.551417
Chile,CHL,Expenditure on educational institutions as a percentage of GDP,2018,6.635667
Chile,CHL,Expenditure on educational institutions as a percentage of GDP,2019,6.565544
Portugal,PRT,Expenditure on educational institutions as a percentage of GDP,2012,5.853413
Portugal,PRT,Expenditure on educational institutions as a percentage of GDP,2013,6.107762
Portugal,PRT,Expenditure on educational institutions as a percentage of GDP,2014,5.820276
Portugal,PRT,Expenditure on educational institutions as a percentage of GDP,2015,5.230794
Mexico,MEX,Expenditure on educational institutions as a percentage of GDP,2011,5.143431
Mexico,MEX,Expenditure on educational institutions as a percentage of GDP,2012,5.119502
Mexico,MEX,Expenditure on educational institutions as a percentage of GDP,2013,5.23508
Mexico,MEX,Expenditure on educational institutions as a percentage of GDP,2014,5.27937
Mexico,MEX,Expenditure on educational institutions as a percentage of GDP,2015,5.261685
Mexico,MEX,Expenditure on educational institutions as a percentage of GDP,2016,5.076052
Japan,JPN,Expenditure on educational institutions as a percentage of GDP,2012,4.279352
Japan,JPN,Expenditure on educational institutions as a percentage of GDP,2013,4.253515
Japan,JPN,Expenditure on educational institutions as a percentage of GDP,2014,4.257902
Japan,JPN,Expenditure on educational institutions as a percentage of GDP,2015,4.153445
Japan,JPN,Expenditure on educational institutions as a percentage of GDP,2016,3.990941
Japan,JPN,Expenditure on educational institutions as a percentage of GDP,2017,3.952326
Japan,JPN,Expenditure on educational institutions as a percentage of GDP,2018,3.906802
Japan,JPN,Expenditure on educational institutions as a percentage of GDP,2019,3.967406
Germany,DEU,Expenditure on educational institutions as a percentage of GDP,2019,4.336894
Colombia,COL,Expenditure on educational institutions as a percentage of GDP,2009,6.167739
Colombia,COL,Expenditure on educational institutions as a percentage of GDP,2011,5.66664
Colombia,COL,Expenditure on educational institutions as a percentage of GDP,2012,5.807139
Colombia,COL,Expenditure on educational institutions as a percentage of GDP,2013,6.032419
Colombia,COL,Expenditure on educational institutions as a percentage of GDP,2014,5.662925
Belgium,BEL,Expenditure on educational institutions as a percentage of GDP,2005,5.321016
Belgium,BEL,Expenditure on educational institutions as a percentage of GDP,2008,5.637147
Belgium,BEL,Expenditure on educational institutions as a percentage of GDP,2009,5.754518
Belgium,BEL,Expenditure on educational institutions as a percentage of GDP,2010,5.693275
Belgium,BEL,Expenditure on educational institutions as a percentage of GDP,2011,5.680574
Japan,JPN,Expenditure on educational institutions as a percentage of GDP,2005,4.103153
Colombia,COL,Expenditure on educational institutions as a percentage of GDP,2015,5.786284
Colombia,COL,Expenditure on educational institutions as a percentage of GDP,2016,6.268327
New Zealand,NZL,Expenditure on educational institutions as a percentage of GDP,2017,5.50225
Ireland,IRL,Expenditure on educational institutions as a percentage of GDP,1995,4.988196
Ireland,IRL,Expenditure on educational institutions as a percentage of GDP,2000,4.259777
Ireland,IRL,Expenditure on educational institutions as a percentage of GDP,2005,4.336311
Ireland,IRL,Expenditure on educational institutions as a percentage of GDP,2008,5.337089
Ireland,IRL,Expenditure on educational institutions as a percentage of GDP,2009,5.963684
Ireland,IRL,Expenditure on educational institutions as a percentage of GDP,2010,5.925631
Ireland,IRL,Expenditure on educational institutions as a percentage of GDP,2011,5.726156
Ireland,IRL,Expenditure on educational institutions as a percentage of GDP,2012,5.680729
Ireland,IRL,Expenditure on educational institutions as a percentage of GDP,2013,5.194335
Ireland,IRL,Expenditure on educational institutions as a percentage of GDP,2014,4.769832
Australia,AUS,Expenditure on educational institutions as a percentage of GDP,2000,5.247872
Australia,AUS,Expenditure on educational institutions as a percentage of GDP,2005,5.380974
Australia,AUS,Expenditure on educational institutions as a percentage of GDP,2008,5.375461
Australia,AUS,Expenditure on educational institutions as a percentage of GDP,2009,5.84928
Australia,AUS,Expenditure on educational institutions as a percentage of GDP,2010,6.148396
Australia,AUS,Expenditure on educational institutions as a percentage of GDP,2011,5.803799
Australia,AUS,Expenditure on educational institutions as a percentage of GDP,2012,5.599518
Australia,AUS,Expenditure on educational institutions as a percentage of GDP,2013,5.669701
Australia,AUS,Expenditure on educational institutions as a percentage of GDP,2014,5.793675
Australia,AUS,Expenditure on educational institutions as a percentage of GDP,2015,5.95504
Australia,AUS,Expenditure on educational institutions as a percentage of GDP,2016,5.84431
Australia,AUS,Expenditure on educational institutions as a percentage of GDP,2017,5.995745
Norway,NOR,Expenditure on educational institutions as a percentage of GDP,2012,6.188801
Norway,NOR,Expenditure on educational institutions as a percentage of GDP,2013,6.299788
Norway,NOR,Expenditure on educational institutions as a percentage of GDP,2014,6.182193
Norway,NOR,Expenditure on educational institutions as a percentage of GDP,2015,6.391298
Norway,NOR,Expenditure on educational institutions as a percentage of GDP,2016,6.550629
Norway,NOR,Expenditure on educational institutions as a percentage of GDP,2017,6.633413
New Zealand,NZL,Expenditure on educational institutions as a percentage of GDP,2000,6.075315
New Zealand,NZL,Expenditure on educational institutions as a percentage of GDP,2005,6.451509
New Zealand,NZL,Expenditure on educational institutions as a percentage of GDP,2008,6.250657
New Zealand,NZL,Expenditure on educational institutions as a percentage of GDP,2009,6.464553
New Zealand,NZL,Expenditure on educational institutions as a percentage of GDP,2010,6.480902
New Zealand,NZL,Expenditure on educational institutions as a percentage of GDP,2011,6.199239
New Zealand,NZL,Expenditure on educational institutions as a percentage of GDP,2012,6.017863
New Zealand,NZL,Expenditure on educational institutions as a percentage of GDP,2013,5.900845
Switzerland,CHE,Expenditure on educational institutions as a percentage of GDP,2009,
Switzerland,CHE,Expenditure on educational institutions as a percentage of GDP,2010,
Switzerland,CHE,Expenditure on educational institutions as a percentage of GDP,2011,
Switzerland,CHE,Expenditure on educational institutions as a percentage of GDP,2013,
Switzerland,CHE,Expenditure on educational institutions as a percentage of GDP,2014,
Switzerland,CHE,Expenditure on educational institutions as a percentage of GDP,2015,
Switzerland,CHE,Expenditure on educational institutions as a percentage of GDP,2016,
Switzerland,CHE,Expenditure on educational institutions as a percentage of GDP,2017,
Switzerland,CHE,Expenditure on educational institutions as a percentage of GDP,2018,
Switzerland,CHE,Expenditure on educational institutions as a percentage of GDP,2019,
Switzerland,CHE,Expenditure on educational institutions as a percentage of GDP,2020,
Austria,AUT,Expenditure on educational institutions as a percentage of GDP,1995,
Austria,AUT,Expenditure on educational institutions as a percentage of GDP,2000,
Austria,AUT,Expenditure on educational institutions as a percentage of GDP,2005,
Austria,AUT,Expenditure on educational institutions as a percentage of GDP,2008,
Austria,AUT,Expenditure on educational institutions as a percentage of GDP,2009,
Austria,AUT,Expenditure on educational institutions as a percentage of GDP,2010,
Austria,AUT,Expenditure on educational institutions as a percentage of GDP,2011,
Luxembourg,LUX,Expenditure on educational institutions as a percentage of GDP,1995,
Luxembourg,LUX,Expenditure on educational institutions as a percentage of GDP,2000,
Luxembourg,LUX,Expenditure on educational institutions as a percentage of GDP,2005,
Luxembourg,LUX,Expenditure on educational institutions as a percentage of GDP,2008,
Luxembourg,LUX,Expenditure on educational institutions as a percentage of GDP,2009,
Luxembourg,LUX,Expenditure on educational institutions as a percentage of GDP,2010,
Luxembourg,LUX,Expenditure on educational institutions as a percentage of GDP,2011,
New Zealand,NZL,Expenditure on educational institutions as a percentage of GDP,1995,
Peru,PER,Expenditure on educational institutions as a percentage of GDP,1995,
Peru,PER,Expenditure on educational institutions as a percentage of GDP,2000,
Peru,PER,Expenditure on educational institutions as a percentage of GDP,2005,
Peru,PER,Expenditure on educational institutions as a percentage of GDP,2008,
Peru,PER,Expenditure on educational institutions as a percentage of GDP,2009,
Peru,PER,Expenditure on educational institutions as a percentage of GDP,2010,
Peru,PER,Expenditure on educational institutions as a percentage of GDP,2011,
Peru,PER,Expenditure on educational institutions as a percentage of GDP,2012,
Peru,PER,Expenditure on educational institutions as a percentage of GDP,2013,
Peru,PER,Expenditure on educational institutions as a percentage of GDP,2014,
Peru,PER,Expenditure on educational institutions as a percentage of GDP,2015,
Peru,PER,Expenditure on educational institutions as a percentage of GDP,2016,
Peru,PER,Expenditure on educational institutions as a percentage of GDP,2017,
Peru,PER,Expenditure on educational institutions as a percentage of GDP,2018,
Peru,PER,Expenditure on educational institutions as a percentage of GDP,2019,
Peru,PER,Expenditure on educational institutions as a percentage of GDP,2020,
Peru,PER,Expenditure on educational institutions as a percentage of GDP,2021,
Slovenia,SVN,Expenditure on educational institutions as a percentage of GDP,1995,
Slovenia,SVN,Expenditure on educational institutions as a percentage of GDP,2000,
Romania,ROU,Expenditure on educational institutions as a percentage of GDP,1995,
Romania,ROU,Expenditure on educational institutions as a percentage of GDP,2000,
Romania,ROU,Expenditure on educational institutions as a percentage of GDP,2005,
Romania,ROU,Expenditure on educational institutions as a percentage of GDP,2008,
Romania,ROU,Expenditure on educational institutions as a percentage of GDP,2009,
Romania,ROU,Expenditure on educational institutions as a percentage of GDP,2010,
Romania,ROU,Expenditure on educational institutions as a percentage of GDP,2011,
France,FRA,Expenditure on educational institutions as a percentage of GDP,1995,
France,FRA,Expenditure on educational institutions as a percentage of GDP,2000,
Bulgaria,BGR,Expenditure on educational institutions as a percentage of GDP,1995,
Bulgaria,BGR,Expenditure on educational institutions as a percentage of GDP,2000,
Bulgaria,BGR,Expenditure on educational institutions as a percentage of GDP,2005,
Bulgaria,BGR,Expenditure on educational institutions as a percentage of GDP,2008,
Bulgaria,BGR,Expenditure on educational institutions as a percentage of GDP,2009,
Bulgaria,BGR,Expenditure on educational institutions as a percentage of GDP,2010,
Bulgaria,BGR,Expenditure on educational institutions as a percentage of GDP,2011,
South Africa,ZAF,Expenditure on educational institutions as a percentage of GDP,1995,
South Africa,ZAF,Expenditure on educational institutions as a percentage of GDP,2000,
South Africa,ZAF,Expenditure on educational institutions as a percentage of GDP,2005,
South Africa,ZAF,Expenditure on educational institutions as a percentage of GDP,2008,
South Africa,ZAF,Expenditure on educational institutions as a percentage of GDP,2009,
South Africa,ZAF,Expenditure on educational institutions as a percentage of GDP,2010,
South Africa,ZAF,Expenditure on educational institutions as a percentage of GDP,2011,
South Africa,ZAF,Expenditure on educational institutions as a percentage of GDP,2012,
South Africa,ZAF,Expenditure on educational institutions as a percentage of GDP,2013,
South Africa,ZAF,Expenditure on educational institutions as a percentage of GDP,2014,
South Africa,ZAF,Expenditure on educational institutions as a percentage of GDP,2015,
South Africa,ZAF,Expenditure on educational institutions as a percentage of GDP,2016,
South Africa,ZAF,Expenditure on educational institutions as a percentage of GDP,2017,
South Africa,ZAF,Expenditure on educational institutions as a percentage of GDP,2018,
South Africa,ZAF,Expenditure on educational institutions as a percentage of GDP,2019,
South Africa,ZAF,Expenditure on educational institutions as a percentage of GDP,2020,
South Africa,ZAF,Expenditure on educational institutions as a percentage of GDP,2021,
Croatia,HRV,Expenditure on educational institutions as a percentage of GDP,2015,
Brazil,BRA,Expenditure on educational institutions as a percentage of GDP,1995,
Brazil,BRA,Expenditure on educational institutions as a percentage of GDP,2000,
Brazil,BRA,Expenditure on educational institutions as a percentage of GDP,2005,
Brazil,BRA,Expenditure on educational institutions as a percentage of GDP,2008,
Brazil,BRA,Expenditure on educational institutions as a percentage of GDP,2009,
Brazil,BRA,Expenditure on educational institutions as a percentage of GDP,2010,
Brazil,BRA,Expenditure on educational institutions as a percentage of GDP,2011,
Brazil,BRA,Expenditure on educational institutions as a percentage of GDP,2012,
Brazil,BRA,Expenditure on educational institutions as a percentage of GDP,2013,
Brazil,BRA,Expenditure on educational institutions as a percentage of GDP,2014,
Brazil,BRA,Expenditure on educational institutions as a percentage of GDP,2015,
Brazil,BRA,Expenditure on educational institutions as a percentage of GDP,2016,
Brazil,BRA,Expenditure on educational institutions as a percentage of GDP,2017,
Brazil,BRA,Expenditure on educational institutions as a percentage of GDP,2018,
Brazil,BRA,Expenditure on educational institutions as a percentage of GDP,2019,
Brazil,BRA,Expenditure on educational institutions as a percentage of GDP,2020,
China (People’s Republic of),CHN,Expenditure on educational institutions as a percentage of GDP,1995,
China (People’s Republic of),CHN,Expenditure on educational institutions as a percentage of GDP,2000,
China (People’s Republic of),CHN,Expenditure on educational institutions as a percentage of GDP,2005,
China (People’s Republic of),CHN,Expenditure on educational institutions as a percentage of GDP,2008,
China (People’s Republic of),CHN,Expenditure on educational institutions as a percentage of GDP,2009,
China (People’s Republic of),CHN,Expenditure on educational institutions as a percentage of GDP,2010,
China (People’s Republic of),CHN,Expenditure on educational institutions as a percentage of GDP,2011,
China (People’s Republic of),CHN,Expenditure on educational institutions as a percentage of GDP,2012,
China (People’s Republic of),CHN,Expenditure on educational institutions as a percentage of GDP,2013,
China (People’s Republic of),CHN,Expenditure on educational institutions as a percentage of GDP,2014,
China (People’s Republic of),CHN,Expenditure on educational institutions as a percentage of GDP,2015,
China (People’s Republic of),CHN,Expenditure on educational institutions as a percentage of GDP,2016,
China (People’s Republic of),CHN,Expenditure on educational institutions as a percentage of GDP,2017,
China (People’s Republic of),CHN,Expenditure on educational institutions as a percentage of GDP,2018,
China (People’s Republic of),CHN,Expenditure on educational institutions as a percentage of GDP,2019,
China (People’s Republic of),CHN,Expenditure on educational institutions as a percentage of GDP,2020,
Iceland,ISL,Expenditure on educational institutions as a percentage of GDP,1995,
Indonesia,IDN,Expenditure on educational institutions as a percentage of GDP,1995,
Indonesia,IDN,Expenditure on educational institutions as a percentage of GDP,2000,
Indonesia,IDN,Expenditure on educational institutions as a percentage of GDP,2005,
Indonesia,IDN,Expenditure on educational institutions as a percentage of GDP,2008,
Indonesia,IDN,Expenditure on educational institutions as a percentage of GDP,2009,
Indonesia,IDN,Expenditure on educational institutions as a percentage of GDP,2010,
Indonesia,IDN,Expenditure on educational institutions as a percentage of GDP,2011,
Indonesia,IDN,Expenditure on educational institutions as a percentage of GDP,2012,
Indonesia,IDN,Expenditure on educational institutions as a percentage of GDP,2013,
Indonesia,IDN,Expenditure on educational institutions as a percentage of GDP,2014,
Indonesia,IDN,Expenditure on educational institutions as a percentage of GDP,2015,
Indonesia,IDN,Expenditure on educational institutions as a percentage of GDP,2016,
Indonesia,IDN,Expenditure on educational institutions as a percentage of GDP,2017,
Indonesia,IDN,Expenditure on educational institutions as a percentage of GDP,2018,
Indonesia,IDN,Expenditure on educational institutions as a percentage of GDP,2019,
Indonesia,IDN,Expenditure on educational institutions as a percentage of GDP,2020,
European Union (25 countries),EU25,Expenditure on educational institutions as a percentage of GDP,1995,
European Union (25 countries),EU25,Expenditure on educational institutions as a percentage of GDP,2000,
Saudi Arabia,SAU,Expenditure on educational institutions as a percentage of GDP,1995,
Saudi Arabia,SAU,Expenditure on educational institutions as a percentage of GDP,2000,
Saudi Arabia,SAU,Expenditure on educational institutions as a percentage of GDP,2005,
Saudi Arabia,SAU,Expenditure on educational institutions as a percentage of GDP,2008,
Saudi Arabia,SAU,Expenditure on educational institutions as a percentage of GDP,2009,
Saudi Arabia,SAU,Expenditure on educational institutions as a percentage of GDP,2010,
Saudi Arabia,SAU,Expenditure on educational institutions as a percentage of GDP,2011,
Saudi Arabia,SAU,Expenditure on educational institutions as a percentage of GDP,2012,
Saudi Arabia,SAU,Expenditure on educational institutions as a percentage of GDP,2013,
Saudi Arabia,SAU,Expenditure on educational institutions as a percentage of GDP,2014,
Saudi Arabia,SAU,Expenditure on educational institutions as a percentage of GDP,2015,
Saudi Arabia,SAU,Expenditure on educational institutions as a percentage of GDP,2016,
Saudi Arabia,SAU,Expenditure on educational institutions as a percentage of GDP,2017,
Saudi Arabia,SAU,Expenditure on educational institutions as a percentage of GDP,2018,
Saudi Arabia,SAU,Expenditure on educational institutions as a percentage of GDP,2019,
Saudi Arabia,SAU,Expenditure on educational institutions as a percentage of GDP,2020,
Argentina,ARG,Expenditure on educational institutions as a percentage of GDP,2017,
OECD,OECD,Expenditure on educational institutions as a percentage of GDP,2021,
Colombia,COL,Expenditure on educational institutions as a percentage of GDP,2017,5.681655
New Zealand,NZL,Expenditure on educational institutions as a percentage of GDP,2016,5.65606
France,FRA,Expenditure on educational institutions as a percentage of GDP,2010,5.415247
Australia,AUS,Expenditure on educational institutions as a percentage of GDP,1995,
Hungary,HUN,Expenditure on educational institutions as a percentage of GDP,2005,
Hungary,HUN,Expenditure on educational institutions as a percentage of GDP,2008,
Hungary,HUN,Expenditure on educational institutions as a percentage of GDP,2009,
Hungary,HUN,Expenditure on educational institutions as a percentage of GDP,2010,
Hungary,HUN,Expenditure on educational institutions as a percentage of GDP,2011,
G20,G20,Expenditure on educational institutions as a percentage of GDP,1995,
G20,G20,Expenditure on educational institutions as a percentage of GDP,2000,
G20,G20,Expenditure on educational institutions as a percentage of GDP,2005,
G20,G20,Expenditure on educational institutions as a percentage of GDP,2008,
G20,G20,Expenditure on educational institutions as a percentage of GDP,2009,
G20,G20,Expenditure on educational institutions as a percentage of GDP,2010,
G20,G20,Expenditure on educational institutions as a percentage of GDP,2011,
G20,G20,Expenditure on educational institutions as a percentage of GDP,2012,
G20,G20,Expenditure on educational institutions as a percentage of GDP,2013,
G20,G20,Expenditure on educational institutions as a percentage of GDP,2014,
G20,G20,Expenditure on educational institutions as a percentage of GDP,2015,
G20,G20,Expenditure on educational institutions as a percentage of GDP,2016,
G20,G20,Expenditure on educational institutions as a percentage of GDP,2017,
G20,G20,Expenditure on educational institutions as a percentage of GDP,2018,
G20,G20,Expenditure on educational institutions as a percentage of GDP,2019,
G20,G20,Expenditure on educational institutions as a percentage of GDP,2020,
G20,G20,Expenditure on educational institutions as a percentage of GDP,2021,
India,IND,Expenditure on educational institutions as a percentage of GDP,1995,
India,IND,Expenditure on educational institutions as a percentage of GDP,2008,
India,IND,Expenditure on educational institutions as a percentage of GDP,2009,
India,IND,Expenditure on educational institutions as a percentage of GDP,2010,
India,IND,Expenditure on educational institutions as a percentage of GDP,2011,
India,IND,Expenditure on educational institutions as a percentage of GDP,2012,
India,IND,Expenditure on educational institutions as a percentage of GDP,2013,
India,IND,Expenditure on educational institutions as a percentage of GDP,2014,
India,IND,Expenditure on educational institutions as a percentage of GDP,2015,
India,IND,Expenditure on educational institutions as a percentage of GDP,2016,
India,IND,Expenditure on educational institutions as a percentage of GDP,2017,
India,IND,Expenditure on educational institutions as a percentage of GDP,2018,
India,IND,Expenditure on educational institutions as a percentage of GDP,2019,
India,IND,Expenditure on educational institutions as a percentage of GDP,2020,
India,IND,Expenditure on educational institutions as a percentage of GDP,2021,
Lithuania,LTU,Expenditure on educational institutions as a percentage of GDP,1995,
Lithuania,LTU,Expenditure on educational institutions as a percentage of GDP,2000,
Lithuania,LTU,Expenditure on educational institutions as a percentage of GDP,2005,
Lithuania,LTU,Expenditure on educational institutions as a percentage of GDP,2008,
Lithuania,LTU,Expenditure on educational institutions as a percentage of GDP,2009,
United Kingdom,GBR,Expenditure on educational institutions as a percentage of GDP,1995,
United Kingdom,GBR,Expenditure on educational institutions as a percentage of GDP,2000,
United Kingdom,GBR,Expenditure on educational institutions as a percentage of GDP,2005,
United Kingdom,GBR,Expenditure on educational institutions as a percentage of GDP,2008,
United Kingdom,GBR,Expenditure on educational institutions as a percentage of GDP,2009,
United Kingdom,GBR,Expenditure on educational institutions as a percentage of GDP,2010,
United Kingdom,GBR,Expenditure on educational institutions as a percentage of GDP,2011,
Norway,NOR,Expenditure on educational institutions as a percentage of GDP,2005,
Greece,GRC,Expenditure on educational institutions as a percentage of GDP,2008,
Greece,GRC,Expenditure on educational institutions as a percentage of GDP,2009,
Greece,GRC,Expenditure on educational institutions as a percentage of GDP,2010,
Greece,GRC,Expenditure on educational institutions as a percentage of GDP,2011,
Greece,GRC,Expenditure on educational institutions as a percentage of GDP,2016,
Korea,KOR,Expenditure on educational institutions as a percentage of GDP,1995,
Korea,KOR,Expenditure on educational institutions as a percentage of GDP,2000,
Korea,KOR,Expenditure on educational institutions as a percentage of GDP,2005,
Korea,KOR,Expenditure on educational institutions as a percentage of GDP,2008,
Korea,KOR,Expenditure on educational institutions as a percentage of GDP,2009,
Korea,KOR,Expenditure on educational institutions as a percentage of GDP,2010,
Korea,KOR,Expenditure on educational institutions as a percentage of GDP,2011,
Korea,KOR,Expenditure on educational institutions as a percentage of GDP,2012,
Korea,KOR,Expenditure on educational institutions as a percentage of GDP,2013,
Korea,KOR,Expenditure on educational institutions as a percentage of GDP,2014,
Switzerland,CHE,Expenditure on educational institutions as a percentage of GDP,1995,
